run_id,crash_time,mean_repair_queue,repairer_utilization
1,1669.8884516457895,0.012276516354851077,0.10631325764712558
2,42675.70974197718,0.010145336837627767,0.10106491966552637
3,18234.460485911804,0.01119723703860689,0.10469755489837317
4,2719.418207508735,0.013613560114960465,0.10037919343134558
5,3409.04968742386,0.008401183611320487,0.10563894655420561
6,20130.32838423109,0.011507262078066781,0.10065146924607869
7,18217.769445293216,0.008363392290630626,0.09765027523752295
8,5180.270491738013,0.00876061426365764,0.09491825615485704
9,9842.569381809242,0.008697359387045895,0.09364581221141621
10,14130.032257337873,0.01064895996879451,0.10256922546855177
11,3944.113831314995,0.009023744522592294,0.10450486227589058
12,6639.801326108498,0.010236801435892015,0.09933395655984949
13,6246.206237253206,0.012568619846658335,0.11301845148408889
14,2882.8450762746725,0.013126335337369066,0.0996891128178019
15,23096.27690682444,0.010619599540128045,0.10634078614364909
16,3865.5263470527557,0.011245753828415911,0.1058530123108228
17,3958.435764425884,0.01305531496844751,0.1025617795648699
18,3730.941840514649,0.009189007450688591,0.09678051517028484
19,1480.5216402000267,0.01344114585300047,0.10988454812803598
20,2093.7031671988925,0.01196896806199843,0.08011086879085469
21,24298.787059556515,0.011036333554060026,0.09839431302514055
22,3959.5664625032796,0.010470372991170982,0.10537944856591752
23,1357.1215050500653,0.012520972342720918,0.08939987475489795
24,44755.15139678935,0.009627001271169267,0.09926340692285589
25,8055.054546726019,0.013190409842241313,0.10431608705694882
26,10439.257230433517,0.011180754513320446,0.10326553017047531
27,10388.81269811583,0.011362646715158483,0.1042726242795093
28,3235.6671064318048,0.012933867962156346,0.09808216063319433
29,18040.192789590874,0.010672496153912978,0.09924833202953512
30,10730.606854248063,0.012557829554064502,0.10000039598002482
31,6944.245071820236,0.012934999050094825,0.10161538803463084
32,9536.283485897064,0.008196855808836504,0.09735799127090845
33,1654.5190026229393,0.015014239941812058,0.11292919338078272
34,3389.5011008072734,0.01074053332369349,0.09641661206647775
35,15579.983030796311,0.012281532130410014,0.1066825785641751
36,2956.147767601333,0.010672270860681612,0.1009867837650353
37,6074.773698497604,0.008081869391504038,0.09934919263356606
38,10715.095978378244,0.015230955927283565,0.10369098359203077
39,12467.251510185342,0.008718625026202043,0.09482745737468076
40,2074.918006777629,0.022291936301281956,0.11509875256837114
41,12520.610520535884,0.009301757271315532,0.09430343139893985
42,661.9479929493865,0.0150258373722522,0.14498712650641146
43,10221.834311378903,0.010545899507732163,0.1030359013375724
44,2421.6279430523314,0.013407201824987105,0.09287732263011465
45,14730.162749626079,0.011511313225979801,0.09467974460752458
46,19766.3005834429,0.00989373688522548,0.09477326137561239
47,37376.231841377536,0.010477607867347905,0.09647947797116695
48,17208.665154305905,0.010654923270000883,0.10062336391746962
49,9803.580450610842,0.0072703601951479395,0.09636217518106689
50,24957.123818955428,0.012538689543442819,0.1049187132278
51,6578.401684102347,0.011284004541844493,0.10047216702173266
52,3495.1105823199305,0.013298545853093426,0.09965607851646005
53,22601.50698797585,0.010968138875792668,0.09678011032389458
54,33755.32893228029,0.009581754697862885,0.09592193898766341
55,3014.8016324239175,0.016074742606115536,0.11593992890433871
56,61593.48668302283,0.008999071934177864,0.09748837151438018
57,5827.379606486856,0.010308170733403116,0.09885544884145912
58,20324.883108718852,0.010754695242755264,0.0981925268118362
59,2194.9188696989486,0.011632681958630407,0.10207146065626835
60,14908.189689101975,0.011526153217787442,0.1006778348932684
61,1638.3764282045006,0.013269709385643775,0.10156010809659331
62,48542.19906676178,0.010230573891611262,0.09961247696176614
63,3646.176203743025,0.013847986001909205,0.09914506058801635
64,114.42047837266722,0.08567645610964046,0.12496336859262121
65,18504.6054728349,0.009560262301827804,0.0964295811086898
66,13964.94367431817,0.007314604286906912,0.09159783382183964
67,15167.088605492727,0.009944924255650486,0.0979140948031163
68,8080.172150407089,0.01236397848540872,0.10332893467040614
69,2405.511976535278,0.01293207104215132,0.10202498068009261
70,8529.492755152494,0.011841186008864657,0.10320051940972642
71,1979.4309883472467,0.011202984466101946,0.12034111620870665
72,2084.636050785475,0.008504612607197194,0.09545467009792792
73,4808.419361142536,0.008648842827994828,0.09973714814875057
74,7902.04607341552,0.011502160274575698,0.09506228573365094
75,6741.775174464587,0.012496562653291994,0.10384427268255642
76,2327.6922495764893,0.012713841557558721,0.10622892103129995
77,26963.03989868853,0.010985538866754494,0.10200729156440341
78,9091.348308464187,0.011630852334908924,0.09937903174015093
79,6833.337368473898,0.01172285032781007,0.10052589709837825
80,21468.10592923189,0.010592448352687484,0.10580491459875895
81,15324.683112109953,0.010008021608469002,0.09882471450482082
82,6930.181322512272,0.012209895069754492,0.10983147886427107
83,13575.606054951926,0.009409603649481738,0.09917357684244626
84,19651.703170610046,0.010224941856351095,0.09838414086150517
85,8908.45773399365,0.00855788426538861,0.10293239293758241
86,13918.714655259128,0.010559440326402256,0.09666490402974572
87,21452.859903509714,0.010411336643689014,0.09799001830618977
88,11872.486517730094,0.010848176052177784,0.09887943994204385
89,8730.620828891893,0.011473310877448172,0.10443858135794634
90,2348.9663089178453,0.011893021214760617,0.09472948963958214
91,4203.641322595303,0.013035756051895829,0.11837774249306275
92,7722.372856775958,0.00862772472601225,0.09723451864590733
93,16404.466836931657,0.00832191679770298,0.1006696586612617
94,3561.653741793138,0.011684711666582213,0.10832463582791432
95,854.7485411991995,0.021735689327404717,0.10546344295291447
96,4407.9844128432815,0.013557394533826277,0.09648635209292915
97,4005.5497649646077,0.012794750489490452,0.10439985322679562
98,10369.826289846951,0.009554136191121427,0.10010525056413325
99,2828.136267787816,0.007638676997709731,0.10426859003718936
100,15522.737974078036,0.012339248893349062,0.09842189478938153
101,8123.415700822751,0.010940347268719203,0.09562094469805628
102,10617.075407059174,0.010298551294681815,0.10123067710176878
103,931.0694237468969,0.012903858437472403,0.12978512504369424
104,30053.890335727338,0.011665183469940867,0.10785050599949192
105,9464.889350590607,0.011883566072777334,0.10102035284484248
106,2495.1244286694573,0.010260445763284158,0.09997615690199338
107,1717.764213954524,0.006413342008503636,0.09266545316391309
108,2884.191201683021,0.008635476100301367,0.11095477021654168
109,9584.711202279257,0.006960210234786445,0.09623615723618177
110,1230.493596936056,0.020866332122426924,0.10370227147873798
111,5041.511291975899,0.012463534049027664,0.11222610053112296
112,4370.228968371676,0.013684779315690792,0.09816027960187373
113,13557.838894665698,0.010443889527662665,0.09886677488464846
114,6348.02953116573,0.01731984269132248,0.10917549411554904
115,1611.5169493684407,0.015033478759258614,0.11035636647520547
116,1754.777312902583,0.00859269503351921,0.08818720102111914
117,3732.375696796305,0.011415310757456776,0.09075084562892335
118,8760.11338442163,0.011316078974253328,0.10413957314997126
119,51764.417557632994,0.011429736577176948,0.10202713569499508
120,15873.984807829984,0.009392954983534147,0.09827911237145764
121,16230.00808476127,0.010742227355519728,0.10121306656122298
122,11828.483012032193,0.010816195898398582,0.10094966301048876
123,12263.996631559752,0.009570857410028532,0.10127603847029813
124,34973.1519683026,0.011049273285021336,0.10263878802636407
125,26846.944923881365,0.012031155819712052,0.10188276789655056
126,4971.672788536389,0.008550337786495348,0.10108866935787635
127,2163.3047621220685,0.012679426430072081,0.11233918673438689
128,31284.092295469523,0.010293636816194687,0.10063883242443729
129,4344.994404087219,0.013902681103860086,0.10978125442935631
130,25618.073547423865,0.009040475679341914,0.09802304282941669
131,6395.873369178128,0.009314191491011427,0.09949693524381167
132,6188.071400008409,0.007860190125656722,0.09067488199527315
133,17241.098849712474,0.010012438180088954,0.09827228519939882
134,2870.4695742354725,0.013431937550399103,0.09787154369259057
135,11205.703646449538,0.008727117763624948,0.09828458599643307
136,6360.581725387253,0.008782302520218077,0.0953616361710319
137,14539.92452008718,0.009921128656976653,0.101376628924651
138,62983.644725749626,0.01040767654333886,0.10081356247059065
139,5046.000677562226,0.010851570590679219,0.09714016801819329
140,63258.356155446054,0.00932953753718971,0.10056619491295087
141,8851.190251807415,0.009970626470707506,0.10131619722244298
142,22084.011826142938,0.008589411094137881,0.09625011995479126
143,21661.8721871631,0.011676285697733558,0.10234605964190603
144,6034.107263883413,0.009279426283793387,0.11063916914072232
145,1317.9059019718384,0.011285049628269116,0.09224637374478058
146,2765.942133287378,0.007801422237444441,0.0920244377261861
147,1407.8344051771294,0.0064519202199420115,0.08802292177247134
148,11446.437464458528,0.010162377401199723,0.09836425578949624
149,2450.732734709427,0.006812176083459409,0.08707555340380453
150,12058.903343273683,0.009245733709093313,0.09240539679550798
151,6393.626548013623,0.012461213183505087,0.11310930324973716
152,3159.542898991269,0.006276535121362243,0.10607552936362494
153,14345.82170809216,0.0089964257081239,0.0915374387874587
154,42090.44932316305,0.009781424395569257,0.09763889673645401
155,4518.3321377459115,0.010763204939127989,0.11078721842240757
156,18862.022132636543,0.011250439064445429,0.09822097773030819
157,47861.35853966199,0.0108156147793852,0.10029493121027928
158,7265.127480244543,0.010649099104557887,0.09917962138856638
159,1214.5719240289154,0.011463997285680691,0.10889008180558095
160,514.9748828060993,0.002106337929253297,0.07801477050435855
161,6733.993435196173,0.013714127078048982,0.0913853782634355
162,9226.702325228713,0.010116510223180213,0.10005262696651146
163,20693.245888298807,0.009480597927981739,0.09404786828106414
164,18500.864178439057,0.009069849357104656,0.10062807705367081
165,3330.7714999666255,0.013399415433368572,0.09806256945080874
166,25483.78023379018,0.011107243589786943,0.10165069456207397
167,6530.662193924789,0.01305882600233493,0.09911228449522884
168,4187.865430471097,0.013076158455521562,0.08788349834870618
169,3921.924896993778,0.018334711373396467,0.11107968490349736
170,22542.251191424122,0.011211135644604896,0.09846376191046938
171,36912.89008443159,0.010612585372534539,0.10109549620926864
172,9233.070291644242,0.009546865614221824,0.10352553833747412
173,1921.723017557992,0.008825763987049193,0.08966621066123476
174,2702.7447389979425,0.014173690324410996,0.1023312866549291
175,22043.089424909525,0.009443542596286603,0.09669675096762634
176,3782.5166205288847,0.01339594406108739,0.10243777501839343
177,15456.043880040668,0.008157961053489418,0.10022770190840104
178,3281.7513759414087,0.008850208673231967,0.09354962869215101
179,25003.377282875867,0.009683334013561406,0.09956380180446305
180,25153.978249980788,0.010922992276462455,0.09898495600332509
181,13426.889332578043,0.009743247879932287,0.0989144436195342
182,2919.056683828103,0.01816863487421973,0.10920360576468852
183,7445.020063648849,0.012774272963168225,0.09701879161732306
184,31309.275273558156,0.010442882642058778,0.09955190884411805
185,78211.02418434208,0.010726860205376746,0.09773584764998267
186,8737.294691035482,0.011661028803817327,0.10421441480046019
187,16706.7629662797,0.01149037194039683,0.10074758798513335
188,22011.35687650899,0.01008554777726026,0.09783403619000804
189,20667.510582285973,0.010953782805634818,0.10312080760965643
190,33532.62709401639,0.009971605959541956,0.09648464687102845
191,811.3061140468423,0.014822543049912075,0.1090448482248662
192,3259.5923824082347,0.014323483890137137,0.10035519960987958
193,9275.444523059617,0.009864108877879665,0.0974438526200495
194,1775.1086974376137,0.006025428086524947,0.0854133686819555
195,1432.2993066790502,0.01146590633897329,0.10569076863258184
196,31085.95174360322,0.010614873881308828,0.10335546924886993
197,6012.874921521864,0.009652121189216187,0.10273663343826929
198,8169.8470893348485,0.010770954239218183,0.0944421097824165
199,4748.744824835723,0.00814186566550318,0.08990731584423091
200,11959.750014143174,0.010808833130754831,0.09961767405262599
201,758.3862047399064,0.032425546200336906,0.11402564997725728
202,11509.669227620618,0.011445653827305245,0.10315311523977885
203,7727.990249807198,0.006760780678711771,0.09170824309332713
204,1440.7414438556625,0.021624292290827532,0.10327850115845531
205,1328.3772524758692,0.00549774970322302,0.08915835259726079
206,1803.227598806082,0.010778551372525876,0.10545178385941553
207,4452.360259228211,0.008501055158443724,0.10765976188309467
208,1997.0463769552111,0.007218871088456392,0.0911958330648849
209,5573.497261404984,0.008952936722039133,0.09446791988928077
210,416.5677551629428,0.033014243089249454,0.15394083281633503
211,1464.4514301193446,0.007907412406548105,0.10201260523281583
212,12674.777388679786,0.0093961113030081,0.10147506650402112
213,18784.55557810686,0.01070417974330812,0.09782501199876814
214,888.9821504515694,0.011068327394836451,0.07693708363629469
215,11608.03490498034,0.010586060273756174,0.09490089890123346
216,1147.6324659779773,0.02090953810800693,0.11936863966963346
217,4707.14348588345,0.008772434304003988,0.09939047725821636
218,36691.513000480394,0.010655912601995679,0.09908717650038179
219,7602.818762527739,0.00959311231766639,0.0992006679003688
220,22206.85425596446,0.009296959205547222,0.09936284555423855
221,3222.9500181538665,0.013247154568081156,0.10802814045816672
222,9173.540103329278,0.011086205561253334,0.10217238248202576
223,22752.491454666026,0.009866624237413007,0.09754854383863745
224,6493.59987591568,0.0110635007694652,0.09732032210879665
225,4484.405792072207,0.011452027809271941,0.0983994794016326
226,6090.280303990437,0.014807492275415418,0.10128995186870271
227,7861.2255239374135,0.008865747983198672,0.08773543631680843
228,23584.214005722195,0.010335941412388852,0.10274440932654272
229,40756.59339033931,0.011403619686727135,0.10149006050084644
230,11411.751254568844,0.009158534810209715,0.09596016696319834
231,44083.328405095264,0.010764229069739664,0.09837316704221624
232,542.1281756183837,0.024800963245535733,0.08532917647624133
233,27.669081999311224,0.17670194281686666,0.28538471574212687
234,3273.9887692739044,0.0070072807137179635,0.09397074032023872
235,10564.913868193567,0.010639207261410658,0.09368668715912581
236,7952.069194207084,0.009567294656095439,0.0974616457095293
237,7902.120861276223,0.010969798204407289,0.09305728730567121
238,12744.444171420146,0.009149670779309088,0.10200202060882319
239,13729.130880466499,0.008998984066260244,0.09978368038291927
240,16880.234141219626,0.011101332473678243,0.09905946478371926
241,5756.998054149891,0.008701985565035174,0.0948553809806124
242,4204.736699067013,0.01450317083226906,0.1047710856265864
243,14779.931964765352,0.010467656222238685,0.09680060064609575
244,4093.7570863678006,0.011979947290621006,0.09448998232310059
245,40294.83255031898,0.011333530116224653,0.10017153120750821
246,15328.237521476798,0.010829115373455303,0.09562023913049059
247,9219.516475094144,0.0117617450080172,0.10406080868764203
248,20681.45805151481,0.010659424677156033,0.10064861666165405
249,171.69993588584083,0.017157939379951862,0.09072226709190508
250,28681.61244464124,0.010024980352089837,0.09904147220620012
251,22868.514143419892,0.01068647685698768,0.09871822426711244
252,12702.755557501036,0.012423730160329103,0.10210672652859101
253,10861.285355238682,0.011076865136086772,0.0994236552796635
254,1606.7331485859322,0.008393059810369207,0.0818288059974168
255,2637.406235998469,0.009284371321340043,0.10712064734211241
256,25354.534825193714,0.0091227140279204,0.0985343219299263
257,17851.114110125916,0.010055668180009119,0.09885201905091986
258,9444.323119313069,0.007100710749885026,0.09589579809845597
259,5419.059761806359,0.00900679449429821,0.09767577690384566
260,114.35101195563124,0.017069414400790323,0.1305983927821331
261,30.204914928094073,0.09973972437427504,0.17562043768772645
262,4987.618933268339,0.014461741447063046,0.10370556804544577
263,9411.395944544292,0.008330243532689867,0.09756530882271572
264,13198.273833826115,0.010371940619077421,0.10489340628367216
265,4961.894116292751,0.007324363939064221,0.08708761690182552
266,5388.772962991946,0.010172788364819578,0.09278806662837216
267,2436.8869412981157,0.01762162274995591,0.1180179973005828
268,22370.48739297926,0.00909112245787602,0.09406495386415098
269,7385.2590654361,0.010726503221871702,0.09649537911793471
270,55414.64279100535,0.00956723752726691,0.09797972814968804
271,1887.0674365716884,0.011535305738777975,0.10011989833410867
272,13693.053881958613,0.009872899906196473,0.09351300997197388
273,1919.6339496455037,0.007495994087443334,0.09471106407139396
274,13376.644850420016,0.009124304381777852,0.09829009902736827
275,4096.980274263049,0.01415839630696836,0.09339634838645428
276,19439.621091212128,0.010159036502807065,0.10091051917008219
277,14522.037432723886,0.012058841294462119,0.09573922555523867
278,903.7008927069953,0.010138081854044233,0.1110059462173193
279,12616.747877953434,0.010439617660477773,0.10381200853692765
280,1827.909549129,0.009073839163688016,0.0889369401245532
281,543.8324633328921,0.016427661381418945,0.10937574204870018
282,3578.060685261053,0.010289939779687849,0.10738316765441532
283,802.0974047574191,0.0035502254271253544,0.0976307178532117
284,24695.498415487953,0.011326433418006635,0.10430616738831314
285,37226.190917131156,0.01108023791829904,0.10199545343539738
286,15878.756975322323,0.009470792845688617,0.0958092273616191
287,19514.33766712162,0.00986521629576024,0.09922758999644637
288,1181.2704237158734,0.005767937777704681,0.08912471398431446
289,8750.303413857178,0.01201492144274824,0.10072860482549009
290,2163.6435821457844,0.014828497331278343,0.08827407891773259
291,14039.935361912003,0.010289401084041224,0.10510718125035659
292,52.526422634019966,0.02000858443901675,0.2011835146505709
293,819.5194945716706,0.014158304059980443,0.10310598542000061
294,444.3238761439649,0.04534071459797812,0.11963618769645477
295,2192.7339341784023,0.01127061131364001,0.10713733779131233
296,15079.308568944602,0.010929058223081354,0.09889105708588543
297,27945.385310394322,0.011633709952264457,0.10361188272177478
298,3247.581687000124,0.01783312512580679,0.11148119650994004
299,27447.349482449084,0.010785133061583211,0.09852826650172976
300,21867.914202827622,0.010646598453993423,0.09975787897009679
